Job send time master,3,0(h):00(m):03(s)
Job send time master,8,0(h):00(m):08(s)
Job send time master,0,0(h):00(m):00(s)
Job send time master,0,0(h):00(m):00(s)
Job send time master,0,0(h):00(m):00(s)
Job send time master,0,0(h):00(m):00(s)
Job send time master,0,0(h):00(m):00(s)
Job send time master,0,0(h):00(m):00(s)
Job send time master,0,0(h):00(m):00(s)
Job send time master,0,0(h):00(m):00(s)
Job send time master,0,0(h):00(m):00(s)
Job send time master,3,0(h):00(m):03(s)
Job send time master,32,0(h):00(m):32(s)
Job send time master,0,0(h):00(m):00(s)
Job send time master,0,0(h):00(m):00(s)
Job send time master,0,0(h):00(m):00(s)
Job send time master,0,0(h):00(m):00(s)
Job send time master,4,0(h):00(m):04(s)
Job send time master,16,0(h):00(m):16(s)
Job send time master,0,0(h):00(m):00(s)
Job send time master,0,0(h):00(m):00(s)
Job send time master,0,0(h):00(m):00(s)
Job send time master,0,0(h):00(m):00(s)
Job send time master,0,0(h):00(m):00(s)
Job send time master,0,0(h):00(m):00(s)
Job send time master,0,0(h):00(m):00(s)
Job send time master,0,0(h):00(m):00(s)
Job send time master,0,0(h):00(m):00(s)
Job send time master,0,0(h):00(m):00(s)
Job send time master,0,0(h):00(m):00(s)
Job send time master,0,0(h):00(m):00(s)
Job send time master,0,0(h):00(m):00(s)
Job send time master,0,0(h):00(m):00(s)
Job send time master,0,0(h):00(m):00(s)
Job send time master,1,0(h):00(m):01(s)
Job send time master,0,0(h):00(m):00(s)
Job send time master,0,0(h):00(m):00(s)
Job send time master,0,0(h):00(m):00(s)
Job send time master,0,0(h):00(m):00(s)
Job send time master,0,0(h):00(m):00(s)
Job send time master,0,0(h):00(m):00(s)
Job send time master,1,0(h):00(m):01(s)
Job send time master,0,0(h):00(m):00(s)
Job send time master,0,0(h):00(m):00(s)
Job send time master,0,0(h):00(m):00(s)
Job send time master,0,0(h):00(m):00(s)
Job send time master,0,0(h):00(m):00(s)
Job send time master,0,0(h):00(m):00(s)
Job send time master,1,0(h):00(m):01(s)
Job send time master,0,0(h):00(m):00(s)
Job send time master,0,0(h):00(m):00(s)
Job send time master,0,0(h):00(m):00(s)
Job send time master,4,0(h):00(m):04(s)
Job send time master,45,0(h):00(m):45(s)
Job send time master,4,0(h):00(m):04(s)
Job send time master,86,0(h):01(m):26(s)
Job send time master,4,0(h):00(m):04(s)
Job send time master,8,0(h):00(m):08(s)
Job send time master,4,0(h):00(m):04(s)
Job send time master,58,0(h):00(m):58(s)
Job send time master,4,0(h):00(m):04(s)
Job send time master,17,0(h):00(m):17(s)
Job send time master,3,0(h):00(m):03(s)
Job send time master,161,0(h):02(m):41(s)
Job send time master,4,0(h):00(m):04(s)
Job send time master,318,0(h):05(m):18(s)
Job send time master,4,0(h):00(m):04(s)
Job send time master,81,0(h):01(m):21(s)
Job send time master,3,0(h):00(m):03(s)
Job send time master,382,0(h):06(m):22(s)
Job send time master,16,0(h):00(m):16(s)
Job send time master,3,0(h):00(m):03(s)
Job send time master,9,0(h):00(m):09(s)
Job send time master,20,0(h):00(m):20(s)
Job send time master,16,0(h):00(m):16(s)
Job send time master,3,0(h):00(m):03(s)
Job send time master,9,0(h):00(m):09(s)
Job send time master,16,0(h):00(m):16(s)
Job send time master,16,0(h):00(m):16(s)
Job send time master,9,0(h):00(m):09(s)
Job send time master,0,0(h):00(m):00(s)
Job send time master,0,0(h):00(m):00(s)
Job send time master,0,0(h):00(m):00(s)
Job send time master,0,0(h):00(m):00(s)
Job send time master,0,0(h):00(m):00(s)
Job send time master,1,0(h):00(m):01(s)
Job send time master,0,0(h):00(m):00(s)
Job send time master,0,0(h):00(m):00(s)
Job send time master,0,0(h):00(m):00(s)
Job send time master,0,0(h):00(m):00(s)
Job send time master,0,0(h):00(m):00(s)
Job send time master,0,0(h):00(m):00(s)
Job send time master,0,0(h):00(m):00(s)
Job send time master,0,0(h):00(m):00(s)
Job send time master,0,0(h):00(m):00(s)
Job send time master,15,0(h):00(m):15(s)
Job send time master,7,0(h):00(m):07(s)
Job send time master,0,0(h):00(m):00(s)
Job send time master,1,0(h):00(m):01(s)
Job send time master,0,0(h):00(m):00(s)
Job send time master,0,0(h):00(m):00(s)
Job send time master,0,0(h):00(m):00(s)
Job send time master,0,0(h):00(m):00(s)
Job send time master,0,0(h):00(m):00(s)
Job send time master,0,0(h):00(m):00(s)
Job send time master,0,0(h):00(m):00(s)
Job send time master,0,0(h):00(m):00(s)
Job send time master,0,0(h):00(m):00(s)
Job send time master,0,0(h):00(m):00(s)
Job send time master,0,0(h):00(m):00(s)
Job send time master,0,0(h):00(m):00(s)
Job send time master,0,0(h):00(m):00(s)
Job send time master,0,0(h):00(m):00(s)
Job send time master,0,0(h):00(m):00(s)
Job send time master,0,0(h):00(m):00(s)
Job send time master,0,0(h):00(m):00(s)
Job send time master,0,0(h):00(m):00(s)
Job send time master,0,0(h):00(m):00(s)
Job send time master,0,0(h):00(m):00(s)
Job send time master,0,0(h):00(m):00(s)
Job send time master,0,0(h):00(m):00(s)
Job send time master,0,0(h):00(m):00(s)
Job send time master,0,0(h):00(m):00(s)
Job send time master,0,0(h):00(m):00(s)
Job send time master,0,0(h):00(m):00(s)
Job send time master,0,0(h):00(m):00(s)
Job send time master,0,0(h):00(m):00(s)
Job send time master,0,0(h):00(m):00(s)
Job send time master,0,0(h):00(m):00(s)
Job send time master,0,0(h):00(m):00(s)
Job send time master,1,0(h):00(m):01(s)
Job send time master,0,0(h):00(m):00(s)
Job send time master,0,0(h):00(m):00(s)
Job send time master,0,0(h):00(m):00(s)
Job send time master,0,0(h):00(m):00(s)
Job send time master,0,0(h):00(m):00(s)
Job send time master,0,0(h):00(m):00(s)
Job send time master,0,0(h):00(m):00(s)
Job send time master,16,0(h):00(m):16(s)
Job send time master,10,0(h):00(m):10(s)
Job send time master,0,0(h):00(m):00(s)
Job send time master,0,0(h):00(m):00(s)
Job send time master,0,0(h):00(m):00(s)
Job send time master,0,0(h):00(m):00(s)
Job send time master,1,0(h):00(m):01(s)
Job send time master,0,0(h):00(m):00(s)
Job send time master,0,0(h):00(m):00(s)
Job send time master,0,0(h):00(m):00(s)
Job send time master,0,0(h):00(m):00(s)
Job send time master,0,0(h):00(m):00(s)
Job send time master,0,0(h):00(m):00(s)
Job send time master,0,0(h):00(m):00(s)
Job send time master,0,0(h):00(m):00(s)
Job send time master,0,0(h):00(m):00(s)
Job send time master,0,0(h):00(m):00(s)
Job send time master,0,0(h):00(m):00(s)
Job send time master,0,0(h):00(m):00(s)
Job send time master,0,0(h):00(m):00(s)
Job send time master,0,0(h):00(m):00(s)
Job send time master,17,0(h):00(m):17(s)
Job send time master,8,0(h):00(m):08(s)
Job send time master,0,0(h):00(m):00(s)
Job send time master,0,0(h):00(m):00(s)
Job send time master,1,0(h):00(m):01(s)
Job send time master,0,0(h):00(m):00(s)
Job send time master,0,0(h):00(m):00(s)
Job send time master,15,0(h):00(m):15(s)
Job send time master,8,0(h):00(m):08(s)
Job send time master,0,0(h):00(m):00(s)
Job send time master,9,0(h):00(m):09(s)
Job send time master,16,0(h):00(m):16(s)
Job send time master,0,0(h):00(m):00(s)
Job send time master,0,0(h):00(m):00(s)
Job send time master,0,0(h):00(m):00(s)
Job send time master,0,0(h):00(m):00(s)
Job send time master,0,0(h):00(m):00(s)
Job send time master,0,0(h):00(m):00(s)
Job send time master,0,0(h):00(m):00(s)
Job send time master,0,0(h):00(m):00(s)
Job send time master,0,0(h):00(m):00(s)
Job send time master,0,0(h):00(m):00(s)
Job send time master,0,0(h):00(m):00(s)
Job send time master,0,0(h):00(m):00(s)
Job send time master,0,0(h):00(m):00(s)
Job send time master,9,0(h):00(m):09(s)
Job send time master,16,0(h):00(m):16(s)
Job send time master,3,0(h):00(m):03(s)
Job send time master,3,0(h):00(m):03(s)
Job send time master,12,0(h):00(m):12(s)
Job send time master,4,0(h):00(m):04(s)
Job send time master,3,0(h):00(m):03(s)
Job send time master,4,0(h):00(m):04(s)
Job send time master,9,0(h):00(m):09(s)
Job send time master,16,0(h):00(m):16(s)
Job send time master,3,0(h):00(m):03(s)
Job send time master,0,0(h):00(m):00(s)
Job send time master,10,0(h):00(m):10(s)
Job send time master,17,0(h):00(m):17(s)
Job send time master,4,0(h):00(m):04(s)
Job send time master,0,0(h):00(m):00(s)
Job send time master,4,0(h):00(m):04(s)
Job send time master,3,0(h):00(m):03(s)
Job send time master,16,0(h):00(m):16(s)
Job send time master,4,0(h):00(m):04(s)
Job send time master,7,0(h):00(m):07(s)
Job send time master,19,0(h):00(m):19(s)
Job send time master,16,0(h):00(m):16(s)
Job send time master,3,0(h):00(m):03(s)
Job send time master,16,0(h):00(m):16(s)
Job send time master,3,0(h):00(m):03(s)
Job send time master,16,0(h):00(m):16(s)
Job send time master,3,0(h):00(m):03(s)
Job send time master,16,0(h):00(m):16(s)
Job send time master,4,0(h):00(m):04(s)
Job send time master,16,0(h):00(m):16(s)
Job send time master,4,0(h):00(m):04(s)
Job send time master,18,0(h):00(m):18(s)
Job send time master,3,0(h):00(m):03(s)
Job send time master,17,0(h):00(m):17(s)
Job send time master,4,0(h):00(m):04(s)
Job send time master,16,0(h):00(m):16(s)
Job send time master,3,0(h):00(m):03(s)
Job send time master,4,0(h):00(m):04(s)
Job send time master,0,0(h):00(m):00(s)
Job send time master,17,0(h):00(m):17(s)
Job send time master,4,0(h):00(m):04(s)
Job send time master,16,0(h):00(m):16(s)
Job send time master,4,0(h):00(m):04(s)
Job send time master,16,0(h):00(m):16(s)
Job send time master,3,0(h):00(m):03(s)
Job send time master,4,0(h):00(m):04(s)
Job send time master,0,0(h):00(m):00(s)
Job send time master,17,0(h):00(m):17(s)
Job send time master,4,0(h):00(m):04(s)
Job send time master,4,0(h):00(m):04(s)
Job send time master,0,0(h):00(m):00(s)
Job send time master,3,0(h):00(m):03(s)
Job send time master,16,0(h):00(m):16(s)
Job send time master,16,0(h):00(m):16(s)
Job send time master,2,0(h):00(m):02(s)
Job send time master,410,0(h):06(m):50(s)
Job send time master,0,0(h):00(m):00(s)
Job send time master,242,0(h):04(m):02(s)
Job send time master,3,0(h):00(m):03(s)
Job send time master,15,0(h):00(m):15(s)
Job send time master,4,0(h):00(m):04(s)
Job send time master,16,0(h):00(m):16(s)
Job send time master,13,0(h):00(m):13(s)
Job send time master,0,0(h):00(m):00(s)
Job send time master,17,0(h):00(m):17(s)
Job send time master,4,0(h):00(m):04(s)
Job send time master,16,0(h):00(m):16(s)
Job send time master,13,0(h):00(m):13(s)
Job send time master,0,0(h):00(m):00(s)
Job send time master,15,0(h):00(m):15(s)
Job send time master,37,0(h):00(m):37(s)
Job send time master,3,0(h):00(m):03(s)
Job send time master,16,0(h):00(m):16(s)
Job send time master,13,0(h):00(m):13(s)
Job send time master,4,0(h):00(m):04(s)
Job send time master,16,0(h):00(m):16(s)
Job send time master,12,0(h):00(m):12(s)
Job send time master,0,0(h):00(m):00(s)
Job send time master,13,0(h):00(m):13(s)
Job send time master,4,0(h):00(m):04(s)
Job send time master,17,0(h):00(m):17(s)
Job send time master,12,0(h):00(m):12(s)
Job send time master,0,0(h):00(m):00(s)
Job send time master,13,0(h):00(m):13(s)
Job send time master,3,0(h):00(m):03(s)
Job send time master,16,0(h):00(m):16(s)
Job send time master,13,0(h):00(m):13(s)
Job send time master,0,0(h):00(m):00(s)
Job send time master,40,0(h):00(m):40(s)
Job send time master,13,0(h):00(m):13(s)
Job send time master,4,0(h):00(m):04(s)
Job send time master,17,0(h):00(m):17(s)
Job send time master,3,0(h):00(m):03(s)
Job send time master,2,0(h):00(m):02(s)
Job send time master,4,0(h):00(m):04(s)
Job send time master,0,0(h):00(m):00(s)
Job send time master,37,0(h):00(m):37(s)
Job send time master,16,0(h):00(m):16(s)
Job send time master,3,0(h):00(m):03(s)
Job send time master,2,0(h):00(m):02(s)
Job send time master,13,0(h):00(m):13(s)
Job send time master,4,0(h):00(m):04(s)
Job send time master,37,0(h):00(m):37(s)
Job send time master,13,0(h):00(m):13(s)
Job send time master,4,0(h):00(m):04(s)
Job send time master,17,0(h):00(m):17(s)
Job send time master,37,0(h):00(m):37(s)
Job send time master,13,0(h):00(m):13(s)
Job send time master,4,0(h):00(m):04(s)
Job send time master,17,0(h):00(m):17(s)
Job send time master,3,0(h):00(m):03(s)
Job send time master,2,0(h):00(m):02(s)
Job send time master,35,0(h):00(m):35(s)
Job send time master,17,0(h):00(m):17(s)
Job send time master,4,0(h):00(m):04(s)
Job send time master,4,0(h):00(m):04(s)
Job send time master,0,0(h):00(m):00(s)
Job send time master,34,0(h):00(m):34(s)
Job send time master,13,0(h):00(m):13(s)
Job send time master,4,0(h):00(m):04(s)
Job send time master,3,0(h):00(m):03(s)
Job send time master,0,0(h):00(m):00(s)
Job send time master,16,0(h):00(m):16(s)
Job send time master,35,0(h):00(m):35(s)
Job send time master,4,0(h):00(m):04(s)
Job send time master,3,0(h):00(m):03(s)
Job send time master,0,0(h):00(m):00(s)
Job send time master,13,0(h):00(m):13(s)
Job send time master,16,0(h):00(m):16(s)
Job send time master,35,0(h):00(m):35(s)
Job send time master,4,0(h):00(m):04(s)
Job send time master,14,0(h):00(m):14(s)
Job send time master,34,0(h):00(m):34(s)
Job send time master,4,0(h):00(m):04(s)
Job send time master,3,0(h):00(m):03(s)
Job send time master,0,0(h):00(m):00(s)
Job send time master,12,0(h):00(m):12(s)
Job send time master,16,0(h):00(m):16(s)
Job send time master,3,0(h):00(m):03(s)
Job send time master,0,0(h):00(m):00(s)
Job send time master,35,0(h):00(m):35(s)
Job send time master,4,0(h):00(m):04(s)
Job send time master,4,0(h):00(m):04(s)
Job send time master,0,0(h):00(m):00(s)
Job send time master,12,0(h):00(m):12(s)
Job send time master,16,0(h):00(m):16(s)
Job send time master,12,0(h):00(m):12(s)
Job send time master,0,0(h):00(m):00(s)
Job send time master,35,0(h):00(m):35(s)
Job send time master,3,0(h):00(m):03(s)
Job send time master,4,0(h):00(m):04(s)
Job send time master,0,0(h):00(m):00(s)
Job send time master,16,0(h):00(m):16(s)
Job send time master,16,0(h):00(m):16(s)
Job send time master,3,0(h):00(m):03(s)
Job send time master,0,0(h):00(m):00(s)
Job send time master,35,0(h):00(m):35(s)
Job send time master,4,0(h):00(m):04(s)
Job send time master,35,0(h):00(m):35(s)
Job send time master,4,0(h):00(m):04(s)
Job send time master,3,0(h):00(m):03(s)
Job send time master,0,0(h):00(m):00(s)
Job send time master,16,0(h):00(m):16(s)
Job send time master,17,0(h):00(m):17(s)
Job send time master,3,0(h):00(m):03(s)
Job send time master,0,0(h):00(m):00(s)
Job send time master,35,0(h):00(m):35(s)
Job send time master,4,0(h):00(m):04(s)
Job send time master,3,0(h):00(m):03(s)
Job send time master,0,0(h):00(m):00(s)
Job send time master,12,0(h):00(m):12(s)
Job send time master,17,0(h):00(m):17(s)
Job send time master,3,0(h):00(m):03(s)
Job send time master,0,0(h):00(m):00(s)
Job send time master,36,0(h):00(m):36(s)
Job send time master,4,0(h):00(m):04(s)
Job send time master,3,0(h):00(m):03(s)
Job send time master,0,0(h):00(m):00(s)
Job send time master,13,0(h):00(m):13(s)
Job send time master,16,0(h):00(m):16(s)
Job send time master,4,0(h):00(m):04(s)
Job send time master,0,0(h):00(m):00(s)
Job send time master,34,0(h):00(m):34(s)
Job send time master,3,0(h):00(m):03(s)
Job send time master,4,0(h):00(m):04(s)
Job send time master,1,0(h):00(m):01(s)
Job send time master,12,0(h):00(m):12(s)
Job send time master,17,0(h):00(m):17(s)
Job send time master,4,0(h):00(m):04(s)
Job send time master,0,0(h):00(m):00(s)
Job send time master,35,0(h):00(m):35(s)
Job send time master,4,0(h):00(m):04(s)
Job send time master,4,0(h):00(m):04(s)
Job send time master,0,0(h):00(m):00(s)
Job send time master,14,0(h):00(m):14(s)
Job send time master,16,0(h):00(m):16(s)
Job send time master,13,0(h):00(m):13(s)
Job send time master,0,0(h):00(m):00(s)
Job send time master,35,0(h):00(m):35(s)
Job send time master,4,0(h):00(m):04(s)
Job send time master,8,0(h):00(m):08(s)
Job send time master,20,0(h):00(m):20(s)
Job send time master,3,0(h):00(m):03(s)
Job send time master,16,0(h):00(m):16(s)
Job send time master,4,0(h):00(m):04(s)
Job send time master,0,0(h):00(m):00(s)
Job send time master,3,0(h):00(m):03(s)
Job send time master,4,0(h):00(m):04(s)
Job send time master,3,0(h):00(m):03(s)
Job send time master,3,0(h):00(m):03(s)
Job send time master,4,0(h):00(m):04(s)
Job send time master,4,0(h):00(m):04(s)
Job send time master,4,0(h):00(m):04(s)
Job send time master,3,0(h):00(m):03(s)
Job send time master,4,0(h):00(m):04(s)
Job send time master,3,0(h):00(m):03(s)
Job send time master,4,0(h):00(m):04(s)
Job send time master,4,0(h):00(m):04(s)
Job send time master,3,0(h):00(m):03(s)
Job send time master,3,0(h):00(m):03(s)
Job send time master,4,0(h):00(m):04(s)
Job send time master,4,0(h):00(m):04(s)
Job send time master,4,0(h):00(m):04(s)
Job send time master,0,0(h):00(m):00(s)
Job send time master,3,0(h):00(m):03(s)
Job send time master,4,0(h):00(m):04(s)
Job send time master,3,0(h):00(m):03(s)
Job send time master,1,0(h):00(m):01(s)
Job send time master,4,0(h):00(m):04(s)
Job send time master,3,0(h):00(m):03(s)
Job send time master,3,0(h):00(m):03(s)
Job send time master,0,0(h):00(m):00(s)
Job send time master,4,0(h):00(m):04(s)
Job send time master,3,0(h):00(m):03(s)
Job send time master,3,0(h):00(m):03(s)
Job send time master,4,0(h):00(m):04(s)
Job send time master,3,0(h):00(m):03(s)
Job send time master,4,0(h):00(m):04(s)
Job send time master,4,0(h):00(m):04(s)
Job send time master,3,0(h):00(m):03(s)
Job send time master,3,0(h):00(m):03(s)
Job send time master,3,0(h):00(m):03(s)
Job send time master,4,0(h):00(m):04(s)
Job send time master,4,0(h):00(m):04(s)
Job send time master,4,0(h):00(m):04(s)
Job send time master,4,0(h):00(m):04(s)
Job send time master,4,0(h):00(m):04(s)
Job send time master,3,0(h):00(m):03(s)
Job send time master,4,0(h):00(m):04(s)
Job send time master,3,0(h):00(m):03(s)
Job send time master,4,0(h):00(m):04(s)
Job send time master,3,0(h):00(m):03(s)
Job send time master,3,0(h):00(m):03(s)
Job send time master,4,0(h):00(m):04(s)
Job send time master,4,0(h):00(m):04(s)
Job send time master,3,0(h):00(m):03(s)
Job send time master,4,0(h):00(m):04(s)
Job send time master,3,0(h):00(m):03(s)
Job send time master,3,0(h):00(m):03(s)
Job send time master,4,0(h):00(m):04(s)
Job send time master,0,0(h):00(m):00(s)
Job send time master,4,0(h):00(m):04(s)
Job send time master,4,0(h):00(m):04(s)
Job send time master,4,0(h):00(m):04(s)
Job send time master,4,0(h):00(m):04(s)
Job send time master,4,0(h):00(m):04(s)
Job send time master,3,0(h):00(m):03(s)
Job send time master,3,0(h):00(m):03(s)
Job send time master,4,0(h):00(m):04(s)
Job send time master,3,0(h):00(m):03(s)
Job send time master,3,0(h):00(m):03(s)
Job send time master,4,0(h):00(m):04(s)
Job send time master,3,0(h):00(m):03(s)
Job send time master,3,0(h):00(m):03(s)
Job send time master,0,0(h):00(m):00(s)
Job send time master,34,0(h):00(m):34(s)
Job send time master,16,0(h):00(m):16(s)
Job send time master,4,0(h):00(m):04(s)
Job send time master,0,0(h):00(m):00(s)
Job send time master,22,0(h):00(m):22(s)
Job send time master,162,0(h):02(m):42(s)
Job send time master,36,0(h):00(m):36(s)
Job send time master,4,0(h):00(m):04(s)
Job send time master,12,0(h):00(m):12(s)
Job send time master,34,0(h):00(m):34(s)
Job send time master,0,0(h):00(m):00(s)
Job send time master,3,0(h):00(m):03(s)
Job send time master,4,0(h):00(m):04(s)
Job send time master,3,0(h):00(m):03(s)
Job send time master,4,0(h):00(m):04(s)
Job send time master,3,0(h):00(m):03(s)
Job send time master,4,0(h):00(m):04(s)
Job send time master,4,0(h):00(m):04(s)
Job send time master,4,0(h):00(m):04(s)
Job send time master,3,0(h):00(m):03(s)
Job send time master,3,0(h):00(m):03(s)
Job send time master,3,0(h):00(m):03(s)
Job send time master,3,0(h):00(m):03(s)
Job send time master,3,0(h):00(m):03(s)
Job send time master,3,0(h):00(m):03(s)
Job send time master,5,0(h):00(m):05(s)
Job send time master,3,0(h):00(m):03(s)
Job send time master,4,0(h):00(m):04(s)
Job send time master,26,0(h):00(m):26(s)
Job send time master,19,0(h):00(m):19(s)
Job send time master,7,0(h):00(m):07(s)
Job send time master,6,0(h):00(m):06(s)
Job send time master,44,0(h):00(m):44(s)
Job send time master,30,0(h):00(m):30(s)
Job send time master,42,0(h):00(m):42(s)
Job send time master,44,0(h):00(m):44(s)
Job send time master,42,0(h):00(m):42(s)
Job send time master,44,0(h):00(m):44(s)
Job send time master,23,0(h):00(m):23(s)
Job send time master,42,0(h):00(m):42(s)
Job send time master,30,0(h):00(m):30(s)
Job send time master,5,0(h):00(m):05(s)
Job send time master,10,0(h):00(m):10(s)
Job send time master,42,0(h):00(m):42(s)
Job send time master,39,0(h):00(m):39(s)
Job send time master,6,0(h):00(m):06(s)
Job send time master,42,0(h):00(m):42(s)
Job send time master,44,0(h):00(m):44(s)
Job send time master,43,0(h):00(m):43(s)
Job send time master,43,0(h):00(m):43(s)
Job send time master,42,0(h):00(m):42(s)
Job send time master,42,0(h):00(m):42(s)
